{
  "__type__": "cc.SpriteFrame",
  "content": {
    "name": "RockPickUp",
    "atlas": "",
    "rect": {
      "x": 27,
      "y": 36,
      "width": 256,
      "height": 292
    },
    "offset": {
      "x": -20.5,
      "y": -1.5
    },
    "originalSize": {
      "width": 351,
      "height": 361
    },
    "rotated": false,
    "capInsets": [
      0,
      0,
      0,
      0
    ],
    "vertices": {
      "rawPosition": [
        -128,
        -146,
        0,
        128,
        -146,
        0,
        -128,
        146,
        0,
        128,
        146,
        0
      ],
      "indexes": [
        0,
        1,
        2,
        2,
        1,
        3
      ],
      "uv": [
        27,
        325,
        283,
        325,
        27,
        33,
        283,
        33
      ],
      "nuv": [
        0.07692307692307693,
        0.09141274238227147,
        0.8062678062678063,
        0.09141274238227147,
        0.07692307692307693,
        0.9002770083102493,
        0.8062678062678063,
        0.9002770083102493
      ],
      "minPos": {
        "x": -128,
        "y": -146,
        "z": 0
      },
      "maxPos": {
        "x": 128,
        "y": 146,
        "z": 0
      }
    },
    "texture": "27f88a35-f654-43a0-ac3d-f39eb1590b4f@6c48a",
    "packable": true,
    "pixelsToUnit": 100,
    "pivot": {
      "x": 0.5,
      "y": 0.5
    },
    "meshType": 0
  }
}