{
  "__type__": "cc.SpriteFrame",
  "content": {
    "name": "upgradeButtonPressed",
    "atlas": "",
    "rect": {
      "x": 46,
      "y": 33,
      "width": 292,
      "height": 96
    },
    "offset": {
      "x": -2.5,
      "y": -5
    },
    "originalSize": {
      "width": 389,
      "height": 152
    },
    "rotated": false,
    "capInsets": [
      0,
      0,
      0,
      0
    ],
    "vertices": {
      "rawPosition": [
        -146,
        -48,
        0,
        146,
        -48,
        0,
        -146,
        48,
        0,
        146,
        48,
        0
      ],
      "indexes": [
        0,
        1,
        2,
        2,
        1,
        3
      ],
      "uv": [
        46,
        119,
        338,
        119,
        46,
        23,
        338,
        23
      ],
      "nuv": [
        0.11825192802056556,
        0.1513157894736842,
        0.8688946015424165,
        0.1513157894736842,
        0.11825192802056556,
        0.7828947368421053,
        0.8688946015424165,
        0.7828947368421053
      ],
      "minPos": {
        "x": -146,
        "y": -48,
        "z": 0
      },
      "maxPos": {
        "x": 146,
        "y": 48,
        "z": 0
      }
    },
    "texture": "73c36266-64bc-4c98-988d-bc96a90715ba@6c48a",
    "packable": true,
    "pixelsToUnit": 100,
    "pivot": {
      "x": 0.5,
      "y": 0.5
    },
    "meshType": 0
  }
}