{
  "__type__": "cc.Skeleton",
  "_name": "Skin-0",
  "_objFlags": 0,
  "_native": "",
  "_joints": [
    "Armature/Bone",
    "Armature/Bone/Bone.001",
    "Armature/Bone/Bone.001/Bone.002",
    "Armature/Bone/Bone.001/Bone.002/Bone.003",
    "Armature/Bone/Bone.004",
    "Armature/Bone/Bone.004/Bone.005",
    "Armature/Bone/Bone.004/Bone.005/Bone.006",
    "Armature/Bone/Bone.007",
    "Armature/Bone/Bone.007/Bone.008",
    "Armature/Bone/Bone.007/Bone.008/Bone.009",
    "Armature/Bone/Bone.010",
    "Armature/Bone/Bone.010/Bone.011",
    "Armature/Bone/Bone.010/Bone.011/Bone.012"
  ],
  "_bindposes": [
    {
      "__type__": "cc.Mat4",
      "m00": 1,
      "m01": 0,
      "m02": 0,
      "m03": 0,
      "m04": 0,
      "m05": 6.123234262925839e-17,
      "m06": -1,
      "m07": 0,
      "m08": 0,
      "m09": 1,
      "m10": 6.123234262925839e-17,
      "m11": 0,
      "m12": -0.0005918809911236167,
      "m13": 0.001237840042449534,
      "m14": 0.00042959838174283504,
      "m15": 1
    },
    {
      "__type__": "cc.Mat4",
      "m00": 1.2697063311861712e-7,
      "m01": -1.1920930376163597e-7,
      "m02": -1.0000001192092896,
      "m03": 0,
      "m04": 1.0000001192092896,
      "m05": 2.0403919168392876e-14,
      "m06": 1.2697063311861712e-7,
      "m07": 0,
      "m08": 5.2678402005096325e-15,
      "m09": -1.0000001192092896,
      "m10": 1.1920928244535389e-7,
      "m11": 0,
      "m12": 0.003992024343460798,
      "m13": -0.00334924622438848,
      "m14": 0.00482126185670495,
      "m15": 1
    },
    {
      "__type__": "cc.Mat4",
      "m00": 7.549789415861596e-8,
      "m01": -2.4547372259333365e-14,
      "m02": -1.0000001192092896,
      "m03": 0,
      "m04": 1.0000001192092896,
      "m05": -6.123049636213117e-17,
      "m06": 7.549789415861596e-8,
      "m07": 0,
      "m08": -6.123234262925839e-17,
      "m09": -1.0000001192092896,
      "m10": 2.4547368871201576e-14,
      "m11": 0,
      "m12": 0.0039920262061059475,
      "m13": -0.013349248096346855,
      "m14": 0.004821259528398514,
      "m15": 1
    },
    {
      "__type__": "cc.Mat4",
      "m00": 7.549790836947068e-8,
      "m01": -2.1438751178514716e-14,
      "m02": -1,
      "m03": 0,
      "m04": 1,
      "m05": -6.123072797270269e-17,
      "m06": 7.549790836947068e-8,
      "m07": 0,
      "m08": -6.123233601181349e-17,
      "m09": -1.0000001192092896,
      "m10": 2.1438746096317032e-14,
      "m11": 0,
      "m12": 0.00399202574044466,
      "m13": -0.022000253200531006,
      "m14": 0.004821259994059801,
      "m15": 1
    },
    {
      "__type__": "cc.Mat4",
      "m00": 1.2697063311861712e-7,
      "m01": -1.1920930376163597e-7,
      "m02": -1.0000001192092896,
      "m03": 0,
      "m04": 1.0000001192092896,
      "m05": 2.0403919168392876e-14,
      "m06": 1.2697063311861712e-7,
      "m07": 0,
      "m08": 5.2678402005096325e-15,
      "m09": -1.0000001192092896,
      "m10": 1.1920928244535389e-7,
      "m11": 0,
      "m12": -0.004682051949203014,
      "m13": -0.0033492459915578365,
      "m14": 0.004821260459721088,
      "m15": 1
    },
    {
      "__type__": "cc.Mat4",
      "m00": 7.549789415861596e-8,
      "m01": -2.4547372259333365e-14,
      "m02": -1.0000001192092896,
      "m03": 0,
      "m04": 1.0000001192092896,
      "m05": -6.123049636213117e-17,
      "m06": 7.549789415861596e-8,
      "m07": 0,
      "m08": -6.123234262925839e-17,
      "m09": -1.0000001192092896,
      "m10": 2.4547368871201576e-14,
      "m11": 0,
      "m12": -0.0046820505522191525,
      "m13": -0.013349248096346855,
      "m14": 0.0048212590627372265,
      "m15": 1
    },
    {
      "__type__": "cc.Mat4",
      "m00": 7.549790836947068e-8,
      "m01": -2.1438751178514716e-14,
      "m02": -1,
      "m03": 0,
      "m04": 1,
      "m05": -6.123072797270269e-17,
      "m06": 7.549790836947068e-8,
      "m07": 0,
      "m08": -6.123233601181349e-17,
      "m09": -1.0000001192092896,
      "m10": 2.1438746096317032e-14,
      "m11": 0,
      "m12": -0.0046820505522191525,
      "m13": -0.022000253200531006,
      "m14": 0.004821259528398514,
      "m15": 1
    },
    {
      "__type__": "cc.Mat4",
      "m00": 1.2697063311861712e-7,
      "m01": -1.1920930376163597e-7,
      "m02": -1.0000001192092896,
      "m03": 0,
      "m04": 1.0000001192092896,
      "m05": 2.0403919168392876e-14,
      "m06": 1.2697063311861712e-7,
      "m07": 0,
      "m08": 5.2678402005096325e-15,
      "m09": -1.0000001192092896,
      "m10": 1.1920928244535389e-7,
      "m11": 0,
      "m12": 0.00399202574044466,
      "m13": -0.003349247155711055,
      "m14": -0.004037368111312389,
      "m15": 1
    },
    {
      "__type__": "cc.Mat4",
      "m00": 7.549789415861596e-8,
      "m01": -2.4547372259333365e-14,
      "m02": -1.0000001192092896,
      "m03": 0,
      "m04": 1.0000001192092896,
      "m05": -6.123049636213117e-17,
      "m06": 7.549789415861596e-8,
      "m07": 0,
      "m08": -6.123234262925839e-17,
      "m09": -1.0000001192092896,
      "m10": 2.4547368871201576e-14,
      "m11": 0,
      "m12": 0.003992026671767235,
      "m13": -0.013349248096346855,
      "m14": -0.004037370439618826,
      "m15": 1
    },
    {
      "__type__": "cc.Mat4",
      "m00": 7.549790836947068e-8,
      "m01": -2.1438751178514716e-14,
      "m02": -1,
      "m03": 0,
      "m04": 1,
      "m05": -6.123072797270269e-17,
      "m06": 7.549790836947068e-8,
      "m07": 0,
      "m08": -6.123233601181349e-17,
      "m09": -1.0000001192092896,
      "m10": 2.1438746096317032e-14,
      "m11": 0,
      "m12": 0.003992026671767235,
      "m13": -0.022000253200531006,
      "m14": -0.004037369973957539,
      "m15": 1
    },
    {
      "__type__": "cc.Mat4",
      "m00": 1.2697063311861712e-7,
      "m01": -1.1920930376163597e-7,
      "m02": -1.0000001192092896,
      "m03": 0,
      "m04": 1.0000001192092896,
      "m05": 2.0403919168392876e-14,
      "m06": 1.2697063311861712e-7,
      "m07": 0,
      "m08": 5.2678402005096325e-15,
      "m09": -1.0000001192092896,
      "m10": 1.1920928244535389e-7,
      "m11": 0,
      "m12": -0.00468205101788044,
      "m13": -0.003349246922880411,
      "m14": -0.004037369508296251,
      "m15": 1
    },
    {
      "__type__": "cc.Mat4",
      "m00": 7.549789415861596e-8,
      "m01": -2.4547372259333365e-14,
      "m02": -1.0000001192092896,
      "m03": 0,
      "m04": 1.0000001192092896,
      "m05": -6.123049636213117e-17,
      "m06": 7.549789415861596e-8,
      "m07": 0,
      "m08": -6.123234262925839e-17,
      "m09": -1.0000001192092896,
      "m10": 2.4547368871201576e-14,
      "m11": 0,
      "m12": -0.004682049620896578,
      "m13": -0.013349248096346855,
      "m14": -0.004037370905280113,
      "m15": 1
    },
    {
      "__type__": "cc.Mat4",
      "m00": 7.549790836947068e-8,
      "m01": -2.1438751178514716e-14,
      "m02": -1,
      "m03": 0,
      "m04": 1,
      "m05": -6.123072797270269e-17,
      "m06": 7.549790836947068e-8,
      "m07": 0,
      "m08": -6.123233601181349e-17,
      "m09": -1.0000001192092896,
      "m10": 2.1438746096317032e-14,
      "m11": 0,
      "m12": -0.004682049620896578,
      "m13": -0.022000253200531006,
      "m14": -0.004037370905280113,
      "m15": 1
    }
  ],
  "_hash": 1724583179
}