{
  "__type__": "cc.SpriteFrame",
  "content": {
    "name": "CrystalResource",
    "atlas": "",
    "rect": {
      "x": 47,
      "y": 57,
      "width": 279,
      "height": 248
    },
    "offset": {
      "x": -14.5,
      "y": -11
    },
    "originalSize": {
      "width": 402,
      "height": 340
    },
    "rotated": false,
    "capInsets": [
      0,
      0,
      0,
      0
    ],
    "vertices": {
      "rawPosition": [
        -139.5,
        -124,
        0,
        139.5,
        -124,
        0,
        -139.5,
        124,
        0,
        139.5,
        124,
        0
      ],
      "indexes": [
        0,
        1,
        2,
        2,
        1,
        3
      ],
      "uv": [
        47,
        283,
        326,
        283,
        47,
        35,
        326,
        35
      ],
      "nuv": [
        0.11691542288557213,
        0.10294117647058823,
        0.8109452736318408,
        0.10294117647058823,
        0.11691542288557213,
        0.8323529411764706,
        0.8109452736318408,
        0.8323529411764706
      ],
      "minPos": {
        "x": -139.5,
        "y": -124,
        "z": 0
      },
      "maxPos": {
        "x": 139.5,
        "y": 124,
        "z": 0
      }
    },
    "texture": "59a067d1-51ee-44a0-bb6d-a46b2f4ca9db@6c48a",
    "packable": true,
    "pixelsToUnit": 100,
    "pivot": {
      "x": 0.5,
      "y": 0.5
    },
    "meshType": 0
  }
}