{
  "__type__": "cc.SpriteFrame",
  "content": {
    "name": "Fill",
    "atlas": "",
    "rect": {
      "x": 12,
      "y": 4,
      "width": 101,
      "height": 22
    },
    "offset": {
      "x": -1.5,
      "y": 1
    },
    "originalSize": {
      "width": 128,
      "height": 32
    },
    "rotated": false,
    "capInsets": [
      0,
      0,
      0,
      0
    ],
    "vertices": {
      "rawPosition": [
        -50.5,
        -11,
        0,
        50.5,
        -11,
        0,
        -50.5,
        11,
        0,
        50.5,
        11,
        0
      ],
      "indexes": [
        0,
        1,
        2,
        2,
        1,
        3
      ],
      "uv": [
        12,
        28,
        113,
        28,
        12,
        6,
        113,
        6
      ],
      "nuv": [
        0.09375,
        0.1875,
        0.8828125,
        0.1875,
        0.09375,
        0.875,
        0.8828125,
        0.875
      ],
      "minPos": {
        "x": -50.5,
        "y": -11,
        "z": 0
      },
      "maxPos": {
        "x": 50.5,
        "y": 11,
        "z": 0
      }
    },
    "texture": "c80fbbfa-b3ed-4499-bc4e-e291812e6784@6c48a",
    "packable": true,
    "pixelsToUnit": 100,
    "pivot": {
      "x": 0.5,
      "y": 0.5
    },
    "meshType": 0
  }
}