{
  "__type__": "cc.SpriteFrame",
  "content": {
    "name": "DamageNumber2",
    "atlas": "",
    "rect": {
      "x": 19,
      "y": 12,
      "width": 19,
      "height": 28
    },
    "offset": {
      "x": 0.5,
      "y": -1
    },
    "originalSize": {
      "width": 56,
      "height": 50
    },
    "rotated": false,
    "capInsets": [
      0,
      0,
      0,
      0
    ],
    "vertices": {
      "rawPosition": [
        -9.5,
        -14,
        0,
        9.5,
        -14,
        0,
        -9.5,
        14,
        0,
        9.5,
        14,
        0
      ],
      "indexes": [
        0,
        1,
        2,
        2,
        1,
        3
      ],
      "uv": [
        19,
        38,
        38,
        38,
        19,
        10,
        38,
        10
      ],
      "nuv": [
        0.3392857142857143,
        0.2,
        0.6785714285714286,
        0.2,
        0.3392857142857143,
        0.76,
        0.6785714285714286,
        0.76
      ],
      "minPos": {
        "x": -9.5,
        "y": -14,
        "z": 0
      },
      "maxPos": {
        "x": 9.5,
        "y": 14,
        "z": 0
      }
    },
    "texture": "80a35521-19ab-4409-aab9-77f270980942@6c48a",
    "packable": true,
    "pixelsToUnit": 100,
    "pivot": {
      "x": 0.5,
      "y": 0.5
    },
    "meshType": 0
  }
}