{
  "__type__": "cc.SpriteFrame",
  "content": {
    "name": "DualDrillCard",
    "atlas": "",
    "rect": {
      "x": 6,
      "y": 61,
      "width": 432,
      "height": 456
    },
    "offset": {
      "x": -59.5,
      "y": 11
    },
    "originalSize": {
      "width": 563,
      "height": 600
    },
    "rotated": false,
    "capInsets": [
      0,
      0,
      0,
      0
    ],
    "vertices": {
      "rawPosition": [
        -216,
        -228,
        0,
        216,
        -228,
        0,
        -216,
        228,
        0,
        216,
        228,
        0
      ],
      "indexes": [
        0,
        1,
        2,
        2,
        1,
        3
      ],
      "uv": [
        6,
        539,
        438,
        539,
        6,
        83,
        438,
        83
      ],
      "nuv": [
        0.010657193605683837,
        0.13833333333333334,
        0.7779751332149201,
        0.13833333333333334,
        0.010657193605683837,
        0.8983333333333333,
        0.7779751332149201,
        0.8983333333333333
      ],
      "minPos": {
        "x": -216,
        "y": -228,
        "z": 0
      },
      "maxPos": {
        "x": 216,
        "y": 228,
        "z": 0
      }
    },
    "texture": "29e74cd8-846f-4ca2-8029-abce04be9c96@6c48a",
    "packable": true,
    "pixelsToUnit": 100,
    "pivot": {
      "x": 0.5,
      "y": 0.5
    },
    "meshType": 0
  }
}