{
  "__type__": "cc.SpriteFrame",
  "content": {
    "name": "UpgradeArrow",
    "atlas": "",
    "rect": {
      "x": 15,
      "y": 31,
      "width": 95,
      "height": 56
    },
    "offset": {
      "x": -1.5,
      "y": 5
    },
    "originalSize": {
      "width": 128,
      "height": 128
    },
    "rotated": false,
    "capInsets": [
      0,
      0,
      0,
      0
    ],
    "vertices": {
      "rawPosition": [
        -47.5,
        -28,
        0,
        47.5,
        -28,
        0,
        -47.5,
        28,
        0,
        47.5,
        28,
        0
      ],
      "indexes": [
        0,
        1,
        2,
        2,
        1,
        3
      ],
      "uv": [
        15,
        97,
        110,
        97,
        15,
        41,
        110,
        41
      ],
      "nuv": [
        0.1171875,
        0.3203125,
        0.859375,
        0.3203125,
        0.1171875,
        0.7578125,
        0.859375,
        0.7578125
      ],
      "minPos": {
        "x": -47.5,
        "y": -28,
        "z": 0
      },
      "maxPos": {
        "x": 47.5,
        "y": 28,
        "z": 0
      }
    },
    "texture": "9d920687-01e7-461f-a2bc-e55e08e260ed@6c48a",
    "packable": true,
    "pixelsToUnit": 100,
    "pivot": {
      "x": 0.5,
      "y": 0.5
    },
    "meshType": 0
  }
}