{
  "__type__": "cc.SpriteFrame",
  "content": {
    "name": "DamageNumber3",
    "atlas": "",
    "rect": {
      "x": 18,
      "y": 13,
      "width": 19,
      "height": 27
    },
    "offset": {
      "x": -0.5,
      "y": -1.5
    },
    "originalSize": {
      "width": 56,
      "height": 50
    },
    "rotated": false,
    "capInsets": [
      0,
      0,
      0,
      0
    ],
    "vertices": {
      "rawPosition": [
        -9.5,
        -13.5,
        0,
        9.5,
        -13.5,
        0,
        -9.5,
        13.5,
        0,
        9.5,
        13.5,
        0
      ],
      "indexes": [
        0,
        1,
        2,
        2,
        1,
        3
      ],
      "uv": [
        18,
        37,
        37,
        37,
        18,
        10,
        37,
        10
      ],
      "nuv": [
        0.32142857142857145,
        0.2,
        0.6607142857142857,
        0.2,
        0.32142857142857145,
        0.74,
        0.6607142857142857,
        0.74
      ],
      "minPos": {
        "x": -9.5,
        "y": -13.5,
        "z": 0
      },
      "maxPos": {
        "x": 9.5,
        "y": 13.5,
        "z": 0
      }
    },
    "texture": "b2070b44-8d2e-4ffc-978a-2605463ab16e@6c48a",
    "packable": true,
    "pixelsToUnit": 100,
    "pivot": {
      "x": 0.5,
      "y": 0.5
    },
    "meshType": 0
  }
}