{
  "__type__": "cc.SpriteFrame",
  "content": {
    "name": "Cost",
    "atlas": "",
    "rect": {
      "x": 17,
      "y": 21,
      "width": 161,
      "height": 55
    },
    "offset": {
      "x": 8.5,
      "y": -10.5
    },
    "originalSize": {
      "width": 178,
      "height": 76
    },
    "rotated": false,
    "capInsets": [
      0,
      0,
      0,
      0
    ],
    "vertices": {
      "rawPosition": [
        -80.5,
        -27.5,
        0,
        80.5,
        -27.5,
        0,
        -80.5,
        27.5,
        0,
        80.5,
        27.5,
        0
      ],
      "indexes": [
        0,
        1,
        2,
        2,
        1,
        3
      ],
      "uv": [
        17,
        55,
        178,
        55,
        17,
        0,
        178,
        0
      ],
      "nuv": [
        0.09550561797752809,
        0,
        1,
        0,
        0.09550561797752809,
        0.7236842105263158,
        1,
        0.7236842105263158
      ],
      "minPos": {
        "x": -80.5,
        "y": -27.5,
        "z": 0
      },
      "maxPos": {
        "x": 80.5,
        "y": 27.5,
        "z": 0
      }
    },
    "texture": "e95471ce-160f-490e-9432-89d41c0b72dd@6c48a",
    "packable": true,
    "pixelsToUnit": 100,
    "pivot": {
      "x": 0.5,
      "y": 0.5
    },
    "meshType": 0
  }
}