{
  "__type__": "cc.SpriteFrame",
  "content": {
    "name": "DamageNumber4",
    "atlas": "",
    "rect": {
      "x": 18,
      "y": 13,
      "width": 21,
      "height": 28
    },
    "offset": {
      "x": 0.5,
      "y": -2
    },
    "originalSize": {
      "width": 56,
      "height": 50
    },
    "rotated": false,
    "capInsets": [
      0,
      0,
      0,
      0
    ],
    "vertices": {
      "rawPosition": [
        -10.5,
        -14,
        0,
        10.5,
        -14,
        0,
        -10.5,
        14,
        0,
        10.5,
        14,
        0
      ],
      "indexes": [
        0,
        1,
        2,
        2,
        1,
        3
      ],
      "uv": [
        18,
        37,
        39,
        37,
        18,
        9,
        39,
        9
      ],
      "nuv": [
        0.32142857142857145,
        0.18,
        0.6964285714285714,
        0.18,
        0.32142857142857145,
        0.74,
        0.6964285714285714,
        0.74
      ],
      "minPos": {
        "x": -10.5,
        "y": -14,
        "z": 0
      },
      "maxPos": {
        "x": 10.5,
        "y": 14,
        "z": 0
      }
    },
    "texture": "e98d1895-8354-4f91-9cb6-b59f3217c380@6c48a",
    "packable": true,
    "pixelsToUnit": 100,
    "pivot": {
      "x": 0.5,
      "y": 0.5
    },
    "meshType": 0
  }
}