{
  "__type__": "cc.SpriteFrame",
  "content": {
    "name": "upgradeButtonHover",
    "atlas": "",
    "rect": {
      "x": 16,
      "y": 21,
      "width": 358,
      "height": 117
    },
    "offset": {
      "x": 0.5,
      "y": -3.5
    },
    "originalSize": {
      "width": 389,
      "height": 152
    },
    "rotated": false,
    "capInsets": [
      0,
      0,
      0,
      0
    ],
    "vertices": {
      "rawPosition": [
        -179,
        -58.5,
        0,
        179,
        -58.5,
        0,
        -179,
        58.5,
        0,
        179,
        58.5,
        0
      ],
      "indexes": [
        0,
        1,
        2,
        2,
        1,
        3
      ],
      "uv": [
        16,
        131,
        374,
        131,
        16,
        14,
        374,
        14
      ],
      "nuv": [
        0.04113110539845758,
        0.09210526315789473,
        0.961439588688946,
        0.09210526315789473,
        0.04113110539845758,
        0.8618421052631579,
        0.961439588688946,
        0.8618421052631579
      ],
      "minPos": {
        "x": -179,
        "y": -58.5,
        "z": 0
      },
      "maxPos": {
        "x": 179,
        "y": 58.5,
        "z": 0
      }
    },
    "texture": "39fe7b26-4dc5-49a4-a7bd-c53f60bedc9f@6c48a",
    "packable": true,
    "pixelsToUnit": 100,
    "pivot": {
      "x": 0.5,
      "y": 0.5
    },
    "meshType": 0
  }
}