{
  "__type__": "cc.SpriteFrame",
  "content": {
    "name": "JackHammerCard",
    "atlas": "",
    "rect": {
      "x": 88,
      "y": 61,
      "width": 350,
      "height": 456
    },
    "offset": {
      "x": -18.5,
      "y": 11
    },
    "originalSize": {
      "width": 563,
      "height": 600
    },
    "rotated": false,
    "capInsets": [
      0,
      0,
      0,
      0
    ],
    "vertices": {
      "rawPosition": [
        -175,
        -228,
        0,
        175,
        -228,
        0,
        -175,
        228,
        0,
        175,
        228,
        0
      ],
      "indexes": [
        0,
        1,
        2,
        2,
        1,
        3
      ],
      "uv": [
        88,
        539,
        438,
        539,
        88,
        83,
        438,
        83
      ],
      "nuv": [
        0.15630550621669628,
        0.13833333333333334,
        0.7779751332149201,
        0.13833333333333334,
        0.15630550621669628,
        0.8983333333333333,
        0.7779751332149201,
        0.8983333333333333
      ],
      "minPos": {
        "x": -175,
        "y": -228,
        "z": 0
      },
      "maxPos": {
        "x": 175,
        "y": 228,
        "z": 0
      }
    },
    "texture": "69f930f8-8821-42b3-b7ed-04788d965a14@6c48a",
    "packable": true,
    "pixelsToUnit": 100,
    "pivot": {
      "x": 0.5,
      "y": 0.5
    },
    "meshType": 0
  }
}