{
  "__type__": "cc.SpriteFrame",
  "content": {
    "name": "CloseButtonClick",
    "atlas": "",
    "rect": {
      "x": 16,
      "y": 11,
      "width": 133,
      "height": 99
    },
    "offset": {
      "x": 5,
      "y": -1.5
    },
    "originalSize": {
      "width": 155,
      "height": 118
    },
    "rotated": false,
    "capInsets": [
      0,
      0,
      0,
      0
    ],
    "vertices": {
      "rawPosition": [
        -66.5,
        -49.5,
        0,
        66.5,
        -49.5,
        0,
        -66.5,
        49.5,
        0,
        66.5,
        49.5,
        0
      ],
      "indexes": [
        0,
        1,
        2,
        2,
        1,
        3
      ],
      "uv": [
        16,
        107,
        149,
        107,
        16,
        8,
        149,
        8
      ],
      "nuv": [
        0.1032258064516129,
        0.06779661016949153,
        0.9612903225806452,
        0.06779661016949153,
        0.1032258064516129,
        0.9067796610169492,
        0.9612903225806452,
        0.9067796610169492
      ],
      "minPos": {
        "x": -66.5,
        "y": -49.5,
        "z": 0
      },
      "maxPos": {
        "x": 66.5,
        "y": 49.5,
        "z": 0
      }
    },
    "texture": "6ccdfdf8-14a5-47e5-ad2e-91c1aa8d1c74@6c48a",
    "packable": true,
    "pixelsToUnit": 100,
    "pivot": {
      "x": 0.5,
      "y": 0.5
    },
    "meshType": 0
  }
}