{
  "__type__": "cc.SpriteFrame",
  "content": {
    "name": "ToolLevel",
    "atlas": "",
    "rect": {
      "x": 11,
      "y": 16,
      "width": 234,
      "height": 19
    },
    "offset": {
      "x": 0,
      "y": -1.5
    },
    "originalSize": {
      "width": 256,
      "height": 48
    },
    "rotated": false,
    "capInsets": [
      0,
      0,
      0,
      0
    ],
    "vertices": {
      "rawPosition": [
        -117,
        -9.5,
        0,
        117,
        -9.5,
        0,
        -117,
        9.5,
        0,
        117,
        9.5,
        0
      ],
      "indexes": [
        0,
        1,
        2,
        2,
        1,
        3
      ],
      "uv": [
        11,
        32,
        245,
        32,
        11,
        13,
        245,
        13
      ],
      "nuv": [
        0.04296875,
        0.2708333333333333,
        0.95703125,
        0.2708333333333333,
        0.04296875,
        0.6666666666666666,
        0.95703125,
        0.6666666666666666
      ],
      "minPos": {
        "x": -117,
        "y": -9.5,
        "z": 0
      },
      "maxPos": {
        "x": 117,
        "y": 9.5,
        "z": 0
      }
    },
    "texture": "7813a54d-266a-4333-9248-5585427d0868@6c48a",
    "packable": true,
    "pixelsToUnit": 100,
    "pivot": {
      "x": 0.5,
      "y": 0.5
    },
    "meshType": 0
  }
}