{
  "__type__": "cc.SpriteFrame",
  "content": {
    "name": "BorderEmpty",
    "atlas": "",
    "rect": {
      "x": 9,
      "y": 1,
      "width": 109,
      "height": 30
    },
    "offset": {
      "x": -0.5,
      "y": 0
    },
    "originalSize": {
      "width": 128,
      "height": 32
    },
    "rotated": false,
    "capInsets": [
      0,
      0,
      0,
      0
    ],
    "vertices": {
      "rawPosition": [
        -54.5,
        -15,
        0,
        54.5,
        -15,
        0,
        -54.5,
        15,
        0,
        54.5,
        15,
        0
      ],
      "indexes": [
        0,
        1,
        2,
        2,
        1,
        3
      ],
      "uv": [
        9,
        31,
        118,
        31,
        9,
        1,
        118,
        1
      ],
      "nuv": [
        0.0703125,
        0.03125,
        0.921875,
        0.03125,
        0.0703125,
        0.96875,
        0.921875,
        0.96875
      ],
      "minPos": {
        "x": -54.5,
        "y": -15,
        "z": 0
      },
      "maxPos": {
        "x": 54.5,
        "y": 15,
        "z": 0
      }
    },
    "texture": "ba1a8e6b-6586-43a0-a487-e594b63ad6a5@6c48a",
    "packable": true,
    "pixelsToUnit": 100,
    "pivot": {
      "x": 0.5,
      "y": 0.5
    },
    "meshType": 0
  }
}