{
  "__type__": "cc.SpriteFrame",
  "content": {
    "name": "max level",
    "atlas": "",
    "rect": {
      "x": 25,
      "y": 26,
      "width": 332,
      "height": 108
    },
    "offset": {
      "x": -3.5,
      "y": -4
    },
    "originalSize": {
      "width": 389,
      "height": 152
    },
    "rotated": false,
    "capInsets": [
      0,
      0,
      0,
      0
    ],
    "vertices": {
      "rawPosition": [
        -166,
        -54,
        0,
        166,
        -54,
        0,
        -166,
        54,
        0,
        166,
        54,
        0
      ],
      "indexes": [
        0,
        1,
        2,
        2,
        1,
        3
      ],
      "uv": [
        25,
        126,
        357,
        126,
        25,
        18,
        357,
        18
      ],
      "nuv": [
        0.06426735218508997,
        0.11842105263157894,
        0.9177377892030848,
        0.11842105263157894,
        0.06426735218508997,
        0.8289473684210527,
        0.9177377892030848,
        0.8289473684210527
      ],
      "minPos": {
        "x": -166,
        "y": -54,
        "z": 0
      },
      "maxPos": {
        "x": 166,
        "y": 54,
        "z": 0
      }
    },
    "texture": "bc2f477d-59d2-4c7b-8656-da6345a9826f@6c48a",
    "packable": true,
    "pixelsToUnit": 100,
    "pivot": {
      "x": 0.5,
      "y": 0.5
    },
    "meshType": 0
  }
}